{
    "root_group": {
        "path": "",
        "id": "d41d8cd98f00b204e9800998ecf8427e",
        "groups": {},
        "checks": {},
        "name": ""
    },
    "metrics": {
        "http_req_connecting": {
            "p(90)": 15160.4021,
            "p(95)": 15177.98065,
            "avg": 3447.2428797822645,
            "min": 0,
            "med": 1175.06435,
            "max": 15204.8007
        },
        "iteration_duration": {
            "avg": 12179.391571150862,
            "min": 1075.8963,
            "med": 11349.76875,
            "max": 25006.9111,
            "p(90)": 20700.638,
            "p(95)": 22911.429925
        },
        "http_req_sending": {
            "min": 0,
            "med": 0,
            "max": 1.1333,
            "p(90)": 0.5153,
            "p(95)": 0.6273,
            "avg": 0.09890451010886475
        },
        "http_req_blocked": {
            "avg": 3466.8949474339056,
            "min": 0,
            "med": 1200.5445,
            "max": 15229.9834,
            "p(90)": 15186.598300000001,
            "p(95)": 15204.1322
        },
        "http_req_waiting": {
            "min": 789.1113,
            "med": 10138.450700000001,
            "max": 10872.2227,
            "p(90)": 10367.515500000001,
            "p(95)": 10443.797625,
            "avg": 8657.50239160188
        },
        "data_sent": {
            "count": 174896,
            "rate": 6991.210895547309
        },
        "vus_max": {
            "max": 1000,
            "value": 1000,
            "min": 1000
        },
        "http_req_tls_handshaking": {
            "min": 0,
            "med": 0,
            "max": 0,
            "p(90)": 0,
            "p(95)": 0,
            "avg": 0
        },
        "http_req_receiving": {
            "max": 152.655,
            "p(90)": 142.6261,
            "p(95)": 145.89245,
            "avg": 54.728405832037296,
            "min": 0,
            "med": 0.71365
        },
        "vus": {
            "value": 1,
            "min": 1,
            "max": 1000
        },
        "iterations": {
            "count": 1286,
            "rate": 51.40596246725963
        },
        "http_reqs": {
            "count": 1286,
            "rate": 51.40596246725963
        },
        "http_req_failed": {
            "passes": 529,
            "fails": 757,
            "value": 0.41135303265940903
        },
        "data_received": {
            "count": 19843336,
            "rate": 793208.2314472953
        },
        "http_req_duration": {
            "avg": 8712.329701944018,
            "min": 918.4262,
            "med": 10139.207600000002,
            "max": 11000.5203,
            "p(90)": 10370.7289,
            "p(95)": 10460.299275
        },
        "http_req_duration{expected_response:true}": {
            "med": 8408.2376,
            "max": 11000.5203,
            "p(90)": 10404.47476,
            "p(95)": 10548.30414,
            "avg": 7703.981156406879,
            "min": 918.4262
        }
    }
}