{
    "root_group": {
        "id": "d41d8cd98f00b204e9800998ecf8427e",
        "groups": {},
        "checks": {},
        "name": "",
        "path": ""
    },
    "metrics": {
        "http_req_tls_handshaking": {
            "p(95)": 0,
            "avg": 0,
            "min": 0,
            "med": 0,
            "max": 0,
            "p(90)": 0
        },
        "iterations": {
            "count": 400,
            "rate": 30.229846821058402
        },
        "http_req_blocked": {
            "p(95)": 146.673455,
            "avg": 35.055271250000004,
            "min": 0,
            "med": 0,
            "max": 156.9266,
            "p(90)": 140.6709
        },
        "http_req_sending": {
            "avg": 0.041339999999999995,
            "min": 0,
            "med": 0,
            "max": 0.9042,
            "p(90)": 0.11616000000000018,
            "p(95)": 0.30231999999999887
        },
        "http_reqs": {
            "count": 400,
            "rate": 30.229846821058402
        },
        "http_req_duration": {
            "avg": 2900.4365655000015,
            "min": 922.7217,
            "med": 3166.5069,
            "max": 3758.4496,
            "p(90)": 3310.0645,
            "p(95)": 3313.876295
        },
        "data_received": {
            "count": 10397200,
            "rate": 785764.408419771
        },
        "http_req_waiting": {
            "p(95)": 3312.7989399999997,
            "avg": 2865.6494399999997,
            "min": 790.8566,
            "med": 3153.16805,
            "max": 3611.3107,
            "p(90)": 3309.3319500000002
        },
        "http_req_connecting": {
            "min": 0,
            "med": 0,
            "max": 156.8958,
            "p(90)": 140.48,
            "p(95)": 145.96997999999996,
            "avg": 34.880355499999986
        },
        "vus": {
            "min": 10,
            "max": 100,
            "value": 10
        },
        "iteration_duration": {
            "avg": 2935.7084532500016,
            "min": 1052.0782,
            "med": 3166.78375,
            "max": 3911.5906,
            "p(90)": 3312.72283,
            "p(95)": 3427.2082149999997
        },
        "http_req_receiving": {
            "avg": 34.74578550000003,
            "min": 0,
            "med": 0.7881,
            "max": 147.4405,
            "p(90)": 135.84491,
            "p(95)": 144.68972499999998
        },
        "http_req_duration{expected_response:true}": {
            "p(95)": 3313.876295,
            "avg": 2900.4365655000015,
            "min": 922.7217,
            "med": 3166.5069,
            "max": 3758.4496,
            "p(90)": 3310.0645
        },
        "data_sent": {
            "count": 54400,
            "rate": 4111.259167663943
        },
        "vus_max": {
            "value": 100,
            "min": 100,
            "max": 100
        },
        "http_req_failed": {
            "fails": 400,
            "passes": 0,
            "value": 0
        }
    }
}