{
    "root_group": {
        "name": "",
        "path": "",
        "id": "d41d8cd98f00b204e9800998ecf8427e",
        "groups": {},
        "checks": {}
    },
    "metrics": {
        "http_req_duration": {
            "max": 10782.5504,
            "p(90)": 10390.220850000002,
            "p(95)": 10443.839100000001,
            "avg": 8262.705009541982,
            "min": 822.1775,
            "med": 10136.633249999999
        },
        "http_req_sending": {
            "avg": 0.08550089058524177,
            "min": 0,
            "med": 0,
            "max": 1.85,
            "p(90)": 0.2931,
            "p(95)": 0.5285
        },
        "data_sent": {
            "count": 106896,
            "rate": 5347.52087209493
        },
        "data_received": {
            "count": 16013882,
            "rate": 801101.7085603325
        },
        "iterations": {
            "count": 786,
            "rate": 39.320006412462725
        },
        "http_req_blocked": {
            "max": 3178.8039,
            "p(90)": 1168.61755,
            "p(95)": 3146.174675,
            "avg": 600.501744529262,
            "min": 0,
            "med": 148.55110000000002
        },
        "http_req_waiting": {
            "p(95)": 10442.541425,
            "avg": 8201.976193765897,
            "min": 692.3261,
            "med": 10135.9506,
            "max": 10632.7434,
            "p(90)": 10389.46585
        },
        "iteration_duration": {
            "med": 10274.04075,
            "max": 13915.2397,
            "p(90)": 11470.86235,
            "p(95)": 13287.6035,
            "avg": 8863.388681170482,
            "min": 952.7167
        },
        "vus": {
            "value": 2,
            "min": 2,
            "max": 500
        },
        "http_req_tls_handshaking": {
            "p(95)": 0,
            "avg": 0,
            "min": 0,
            "med": 0,
            "max": 0,
            "p(90)": 0
        },
        "http_req_receiving": {
            "avg": 60.64331488549621,
            "min": 0,
            "med": 0.9867,
            "max": 154.5163,
            "p(90)": 137.22064999999998,
            "p(95)": 144.71359999999999
        },
        "http_reqs": {
            "count": 786,
            "rate": 39.320006412462725
        },
        "vus_max": {
            "value": 500,
            "min": 500,
            "max": 500
        },
        "http_req_failed": {
            "passes": 172,
            "fails": 614,
            "value": 0.21882951653944022
        },
        "http_req_duration{expected_response:true}": {
            "max": 10782.5504,
            "p(90)": 10396.31508,
            "p(95)": 10444.14341,
            "avg": 7729.483058306195,
            "min": 822.1775,
            "med": 9367.33495
        },
        "http_req_connecting": {
            "max": 3173.6914,
            "p(90)": 1168.2234,
            "p(95)": 3146.16535,
            "avg": 600.1353316793895,
            "min": 0,
            "med": 147.4481
        }
    }
}