{
    "root_group": {
        "name": "",
        "path": "",
        "id": "d41d8cd98f00b204e9800998ecf8427e",
        "groups": {},
        "checks": {}
    },
    "metrics": {
        "http_req_connecting": {
            "p(90)": 0,
            "p(95)": 133.94151999999997,
            "avg": 9.681167659279776,
            "min": 0,
            "med": 0,
            "max": 156.2213
        },
        "http_req_receiving": {
            "min": 0,
            "med": 0.5188,
            "max": 168.5083,
            "p(90)": 1.1886200000000002,
            "p(95)": 129.14145499999998,
            "avg": 9.710394529085878
        },
        "vus": {
            "min": 1,
            "max": 100,
            "value": 1
        },
        "http_req_sending": {
            "med": 0,
            "max": 1.11,
            "p(90)": 0.09525000000000002,
            "p(95)": 0.21042999999999945,
            "avg": 0.03930519390581718,
            "min": 0
        },
        "data_sent": {
            "count": 196384,
            "rate": 1520.0418011495315
        },
        "data_received": {
            "count": 27237014,
            "rate": 210818.5993690678
        },
        "vus_max": {
            "value": 100,
            "min": 100,
            "max": 100
        },
        "http_req_waiting": {
            "avg": 8654.64883289474,
            "min": 2604.7861,
            "med": 10132.051500000001,
            "max": 11162.1692,
            "p(90)": 10437.14883,
            "p(95)": 10491.3243
        },
        "iteration_duration": {
            "med": 10132.59895,
            "max": 11163.2986,
            "p(90)": 10437.8557,
            "p(95)": 10492.020260000001,
            "avg": 8676.001466066486,
            "min": 2888.0357
        },
        "http_reqs": {
            "count": 1444,
            "rate": 11.176777949628908
        },
        "http_req_blocked": {
            "avg": 11.441325000000006,
            "min": 0,
            "med": 0,
            "max": 182.3008,
            "p(90)": 0.046710000000000064,
            "p(95)": 159.57662999999997
        },
        "http_req_tls_handshaking": {
            "med": 0,
            "max": 0,
            "p(90)": 0,
            "p(95)": 0,
            "avg": 0,
            "min": 0
        },
        "http_req_duration": {
            "max": 11163.0381,
            "p(90)": 10437.73297,
            "p(95)": 10491.972565,
            "avg": 8664.398532617728,
            "min": 2734.1101,
            "med": 10132.3998
        },
        "iterations": {
            "count": 1444,
            "rate": 11.176777949628908
        },
        "http_req_duration{expected_response:true}": {
            "avg": 8098.219107957812,
            "min": 2734.1101,
            "med": 6722.8481,
            "max": 11163.0381,
            "p(90)": 10469.9429,
            "p(95)": 10503.24745
        },
        "http_req_failed": {
            "passes": 401,
            "fails": 1043,
            "value": 0.27770083102493076
        }
    }
}