{
    "root_group": {
        "name": "",
        "path": "",
        "id": "d41d8cd98f00b204e9800998ecf8427e",
        "groups": {},
        "checks": {}
    },
    "metrics": {
        "http_req_duration": {
            "med": 10132.999950000001,
            "max": 10912.9079,
            "p(90)": 10512.179549999999,
            "p(95)": 10591.62929,
            "avg": 9598.92682992277,
            "min": 6581.426
        },
        "http_req_duration{expected_response:true}": {
            "med": 8052.9834,
            "max": 10912.9079,
            "p(90)": 10597.03508,
            "p(95)": 10698.85139,
            "avg": 8860.322703884374,
            "min": 6581.426
        },
        "iteration_duration": {
            "min": 6581.5264,
            "med": 10133.3396,
            "max": 11835.234,
            "p(90)": 10550.52967,
            "p(95)": 10642.220109999997,
            "avg": 9625.845744710401
        },
        "http_req_tls_handshaking": {
            "med": 0,
            "max": 0,
            "p(90)": 0,
            "p(95)": 0,
            "avg": 0,
            "min": 0
        },
        "data_sent": {
            "count": 352240,
            "rate": 2752.8637770525215
        },
        "data_received": {
            "count": 29241396,
            "rate": 228530.49011710339
        },
        "vus": {
            "value": 30,
            "min": 30,
            "max": 200
        },
        "http_req_waiting": {
            "med": 10132.5946,
            "max": 10645.7617,
            "p(90)": 10467.47549,
            "p(95)": 10567.32134,
            "avg": 9580.684928030882,
            "min": 6550.8035
        },
        "vus_max": {
            "value": 200,
            "min": 200,
            "max": 200
        },
        "http_req_blocked": {
            "p(90)": 0.12004999999999995,
            "p(95)": 145.0706,
            "avg": 26.750545250965242,
            "min": 0,
            "med": 0,
            "max": 1162.3674
        },
        "http_req_failed": {
            "passes": 1483,
            "fails": 1107,
            "value": 0.5725868725868726
        },
        "iterations": {
            "rate": 20.241645419503833,
            "count": 2590
        },
        "http_req_connecting": {
            "avg": 26.693371853281853,
            "min": 0,
            "med": 0,
            "max": 1162.3674,
            "p(90)": 0,
            "p(95)": 144.43279999999993
        },
        "http_req_sending": {
            "med": 0,
            "max": 1.2496,
            "p(90)": 0.14288999999999982,
            "p(95)": 0.4636,
            "avg": 0.04842945945945945,
            "min": 0
        },
        "http_req_receiving": {
            "min": 0,
            "med": 0.4625,
            "max": 809.3498,
            "p(90)": 128.85069,
            "p(95)": 141.6631549999999,
            "avg": 18.193472432432422
        },
        "http_reqs": {
            "count": 2590,
            "rate": 20.241645419503833
        }
    }
}