{
    "metrics": {
        "http_req_receiving": {
            "min": 0,
            "med": 0.5007,
            "max": 151.5794,
            "p(90)": 1.1929600000000005,
            "p(95)": 129.52723,
            "avg": 11.273819434194365
        },
        "data_sent": {
            "rate": 2573.0042642722424,
            "count": 331704
        },
        "http_req_sending": {
            "p(95)": 0.5292,
            "avg": 0.055064411644116414,
            "min": 0,
            "med": 0,
            "max": 1.3169,
            "p(90)": 0.15022000000000002
        },
        "iterations": {
            "count": 2439,
            "rate": 18.919149002001785
        },
        "vus_max": {
            "value": 200,
            "min": 200,
            "max": 200
        },
        "http_req_blocked": {
            "med": 0,
            "max": 1161.7891,
            "p(90)": 0.11476000000000089,
            "p(95)": 145.85513,
            "avg": 24.765405043050443,
            "min": 0
        },
        "data_received": {
            "count": 30811545,
            "rate": 239002.95647268675
        },
        "http_req_duration{expected_response:true}": {
            "min": 6271.5302,
            "med": 10342.3998,
            "max": 11156.5984,
            "p(90)": 10561.24411,
            "p(95)": 10602.79198,
            "avg": 10090.138093675207
        },
        "http_req_failed": {
            "passes": 1269,
            "fails": 1170,
            "value": 0.5202952029520295
        },
        "http_reqs": {
            "count": 2439,
            "rate": 18.919149002001785
        },
        "http_req_duration": {
            "med": 10146.5806,
            "max": 11156.5984,
            "p(90)": 10495.99858,
            "p(95)": 10558.036460000001,
            "avg": 10115.609793275948,
            "min": 6271.5302
        },
        "http_req_tls_handshaking": {
            "avg": 0,
            "min": 0,
            "med": 0,
            "max": 0,
            "p(90)": 0,
            "p(95)": 0
        },
        "iteration_duration": {
            "avg": 10140.537014883143,
            "min": 6402.5178,
            "med": 10147.2777,
            "max": 11872.1608,
            "p(90)": 10508.5776,
            "p(95)": 10581.82772
        },
        "vus": {
            "value": 7,
            "min": 7,
            "max": 200
        },
        "http_req_waiting": {
            "max": 11156.2345,
            "p(90)": 10485.966760000001,
            "p(95)": 10535.40595,
            "avg": 10104.28090943008,
            "min": 6145.4676,
            "med": 10146.0907
        },
        "http_req_connecting": {
            "max": 1157.1615,
            "p(90)": 0,
            "p(95)": 143.90641999999994,
            "avg": 24.571030750307507,
            "min": 0,
            "med": 0
        }
    },
    "root_group": {
        "name": "",
        "path": "",
        "id": "d41d8cd98f00b204e9800998ecf8427e",
        "groups": {},
        "checks": {}
    }
}