{
    "root_group": {
        "checks": {},
        "name": "",
        "path": "",
        "id": "d41d8cd98f00b204e9800998ecf8427e",
        "groups": {}
    },
    "metrics": {
        "iteration_duration": {
            "max": 2037.308,
            "p(90)": 795.29366,
            "p(95)": 802.44714,
            "avg": 713.9114028169014,
            "min": 599.567,
            "med": 699.204
        },
        "http_req_tls_handshaking": {
            "min": 0,
            "med": 0,
            "max": 0,
            "p(90)": 0,
            "p(95)": 0,
            "avg": 0
        },
        "http_req_duration": {
            "max": 1891.4472,
            "p(90)": 794.82782,
            "p(95)": 802.443785,
            "avg": 708.8907105633805,
            "min": 599.567,
            "med": 698.9399
        },
        "http_req_duration{expected_response:true}": {
            "p(95)": 802.443785,
            "avg": 708.8907105633805,
            "min": 599.567,
            "med": 698.9399,
            "max": 1891.4472,
            "p(90)": 794.82782
        },
        "iterations": {
            "count": 142,
            "rate": 6.8779169451617586
        },
        "http_req_receiving": {
            "avg": 5.485710563380279,
            "min": 0,
            "med": 0.77115,
            "max": 139.8833,
            "p(90)": 1.3753100000000003,
            "p(95)": 2.5207899999999968
        },
        "http_req_failed": {
            "passes": 0,
            "fails": 142,
            "value": 0
        },
        "vus_max": {
            "value": 5,
            "min": 5,
            "max": 5
        },
        "http_reqs": {
            "rate": 6.8779169451617586,
            "count": 142
        },
        "data_received": {
            "count": 3691006,
            "rate": 178777.69515558958
        },
        "http_req_sending": {
            "avg": 0.044809859154929584,
            "min": 0,
            "med": 0,
            "max": 0.5621,
            "p(90)": 0.15209000000000011,
            "p(95)": 0.2292
        },
        "http_req_connecting": {
            "p(90)": 0,
            "p(95)": 0,
            "avg": 4.632797183098591,
            "min": 0,
            "med": 0,
            "max": 140.3182
        },
        "http_req_waiting": {
            "avg": 703.3601901408448,
            "min": 598.8689,
            "med": 698.0706,
            "max": 1757.6235,
            "p(90)": 793.87372,
            "p(95)": 796.800265
        },
        "http_req_blocked": {
            "min": 0,
            "med": 0,
            "max": 145.8398,
            "p(90)": 0,
            "p(95)": 0.03279999999999984,
            "avg": 4.8296485915492955
        },
        "vus": {
            "value": 5,
            "min": 5,
            "max": 5
        },
        "data_sent": {
            "rate": 935.3967045419992,
            "count": 19312
        }
    }
}