{
    "metrics": {
        "http_reqs": {
            "count": 222,
            "rate": 7.266640410963736
        },
        "http_req_blocked": {
            "p(90)": 0,
            "p(95)": 0.05531999999999998,
            "avg": 3.6792148648648655,
            "min": 0,
            "med": 0,
            "max": 173.686
        },
        "http_req_waiting": {
            "p(95)": 795.318015,
            "avg": 675.2619671171176,
            "min": 599.0772,
            "med": 697.21705,
            "max": 815.9319,
            "p(90)": 714.36927
        },
        "iterations": {
            "count": 222,
            "rate": 7.266640410963736
        },
        "iteration_duration": {
            "min": 600.0444,
            "med": 698.16355,
            "max": 1123.9418,
            "p(90)": 718.12311,
            "p(95)": 797.3618700000001,
            "avg": 682.89927927928
        },
        "data_sent": {
            "count": 30192,
            "rate": 988.263095891068
        },
        "vus_max": {
            "value": 5,
            "min": 5,
            "max": 5
        },
        "vus": {
            "value": 5,
            "min": 5,
            "max": 5
        },
        "http_req_connecting": {
            "avg": 2.9621788288288284,
            "min": 0,
            "med": 0,
            "max": 141.8689,
            "p(90)": 0,
            "p(95)": 0
        },
        "http_req_failed": {
            "passes": 0,
            "fails": 222,
            "value": 0
        },
        "http_req_sending": {
            "max": 0.8626,
            "p(90)": 0.13772000000000012,
            "p(95)": 0.5170749999999983,
            "avg": 0.05059189189189189,
            "min": 0,
            "med": 0
        },
        "http_req_receiving": {
            "avg": 3.7001333333333353,
            "min": 0,
            "med": 0.74455,
            "max": 143.3862,
            "p(90)": 1.22973,
            "p(95)": 1.3607349999999998
        },
        "http_req_duration": {
            "min": 599.9805,
            "med": 698.046,
            "max": 950.9072,
            "p(90)": 718.08996,
            "p(95)": 797.14171,
            "avg": 679.0126923423426
        },
        "http_req_duration{expected_response:true}": {
            "p(90)": 718.08996,
            "p(95)": 797.14171,
            "avg": 679.0126923423426,
            "min": 599.9805,
            "med": 698.046,
            "max": 950.9072
        },
        "data_received": {
            "count": 5770446,
            "rate": 188881.78420218037
        },
        "http_req_tls_handshaking": {
            "med": 0,
            "max": 0,
            "p(90)": 0,
            "p(95)": 0,
            "avg": 0,
            "min": 0
        }
    },
    "root_group": {
        "checks": {},
        "name": "",
        "path": "",
        "id": "d41d8cd98f00b204e9800998ecf8427e",
        "groups": {}
    }
}