{
    "root_group": {
        "groups": {},
        "checks": {},
        "name": "",
        "path": "",
        "id": "d41d8cd98f00b204e9800998ecf8427e"
    },
    "metrics": {
        "data_sent": {
            "rate": 997.9071977510415,
            "count": 50592
        },
        "data_received": {
            "count": 9669396,
            "rate": 190725.0131701678
        },
        "iteration_duration": {
            "p(95)": 794.152535,
            "avg": 678.8732768817199,
            "min": 596.978,
            "med": 694.3654,
            "max": 1757.3318,
            "p(90)": 716.42585
        },
        "http_reqs": {
            "count": 372,
            "rate": 7.337552924640011
        },
        "http_req_blocked": {
            "avg": 2.239372580645161,
            "min": 0,
            "med": 0,
            "max": 174.2977,
            "p(90)": 0.021420000000000813,
            "p(95)": 0.11350999999999972
        },
        "http_req_waiting": {
            "avg": 673.8939462365593,
            "min": 596.0152,
            "med": 693.59415,
            "max": 1756.4837,
            "p(90)": 715.7585399999999,
            "p(95)": 793.41175
        },
        "vus_max": {
            "value": 5,
            "min": 5,
            "max": 5
        },
        "iterations": {
            "count": 372,
            "rate": 7.337552924640011
        },
        "http_req_tls_handshaking": {
            "med": 0,
            "max": 0,
            "p(90)": 0,
            "p(95)": 0,
            "avg": 0,
            "min": 0
        },
        "http_req_receiving": {
            "min": 0,
            "med": 0.6631499999999999,
            "max": 142.9546,
            "p(90)": 1.18673,
            "p(95)": 1.3049649999999997,
            "avg": 2.502691935483873
        },
        "http_req_connecting": {
            "max": 141.684,
            "p(90)": 0,
            "p(95)": 0,
            "avg": 1.7860701612903225,
            "min": 0,
            "med": 0
        },
        "http_req_sending": {
            "avg": 0.04142607526881722,
            "min": 0,
            "med": 0,
            "max": 0.6993,
            "p(90)": 0.13783000000000006,
            "p(95)": 0.21005
        },
        "vus": {
            "value": 5,
            "min": 5,
            "max": 5
        },
        "http_req_failed": {
            "fails": 372,
            "passes": 0,
            "value": 0
        },
        "http_req_duration": {
            "p(90)": 716.41094,
            "p(95)": 794.08461,
            "avg": 676.438064247312,
            "min": 596.8556,
            "med": 694.1941999999999,
            "max": 1757.0783
        },
        "http_req_duration{expected_response:true}": {
            "avg": 676.438064247312,
            "min": 596.8556,
            "med": 694.1941999999999,
            "max": 1757.0783,
            "p(90)": 716.41094,
            "p(95)": 794.08461
        }
    }
}