{
    "metrics": {
        "http_req_duration": {
            "min": 599.6908,
            "med": 699.8842,
            "max": 1754.229,
            "p(90)": 798.31334,
            "p(95)": 929.678415,
            "avg": 709.3792124999999
        },
        "http_req_duration{expected_response:true}": {
            "p(95)": 929.678415,
            "avg": 709.3792124999999,
            "min": 599.6908,
            "med": 699.8842,
            "max": 1754.229,
            "p(90)": 798.31334
        },
        "http_req_sending": {
            "min": 0,
            "med": 0,
            "max": 0.5525,
            "p(90)": 0.21305,
            "p(95)": 0.2913250000000001,
            "avg": 0.05532361111111111
        },
        "iteration_duration": {
            "avg": 719.3114402777778,
            "min": 599.8458,
            "med": 699.9524,
            "max": 1754.3313,
            "p(90)": 798.46965,
            "p(95)": 1067.092115
        },
        "http_req_tls_handshaking": {
            "avg": 0,
            "min": 0,
            "med": 0,
            "max": 0,
            "p(90)": 0,
            "p(95)": 0
        },
        "http_req_blocked": {
            "avg": 9.750016666666667,
            "min": 0,
            "med": 0,
            "max": 152.8111,
            "p(90)": 0.11020999999999996,
            "p(95)": 136.450465
        },
        "vus_max": {
            "value": 5,
            "min": 5,
            "max": 5
        },
        "http_req_failed": {
            "fails": 72,
            "passes": 0,
            "value": 0
        },
        "data_received": {
            "count": 1871496,
            "rate": 176850.70118499862
        },
        "iterations": {
            "count": 72,
            "rate": 6.803781832993445
        },
        "http_req_connecting": {
            "max": 145.9118,
            "p(90)": 0,
            "p(95)": 129.1808,
            "avg": 9.249716666666666,
            "min": 0,
            "med": 0
        },
        "http_reqs": {
            "count": 72,
            "rate": 6.803781832993445
        },
        "http_req_receiving": {
            "med": 0.7245999999999999,
            "max": 146.1928,
            "p(90)": 1.2891000000000001,
            "p(95)": 130.487215,
            "avg": 10.064577777777778,
            "min": 0
        },
        "http_req_waiting": {
            "max": 1753.778,
            "p(90)": 796.0719799999999,
            "p(95)": 798.14207,
            "avg": 699.2593111111114,
            "min": 598.998,
            "med": 698.90785
        },
        "data_sent": {
            "count": 9792,
            "rate": 925.3143292871085
        },
        "vus": {
            "value": 5,
            "min": 5,
            "max": 5
        }
    },
    "root_group": {
        "id": "d41d8cd98f00b204e9800998ecf8427e",
        "groups": {},
        "checks": {},
        "name": "",
        "path": ""
    }
}