{
    "root_group": {
        "name": "",
        "path": "",
        "id": "d41d8cd98f00b204e9800998ecf8427e",
        "groups": {},
        "checks": {}
    },
    "metrics": {
        "http_req_tls_handshaking": {
            "avg": 0,
            "min": 0,
            "med": 0,
            "max": 0,
            "p(90)": 0,
            "p(95)": 0
        },
        "http_req_waiting": {
            "avg": 665.7361398671097,
            "min": 595.7285,
            "med": 606.954,
            "max": 1751.3072,
            "p(90)": 714.5088,
            "p(95)": 793.2854
        },
        "http_req_failed": {
            "passes": 0,
            "fails": 301,
            "value": 0
        },
        "http_req_receiving": {
            "min": 0,
            "med": 0.7202,
            "max": 147.8215,
            "p(90)": 1.2206,
            "p(95)": 1.3626,
            "avg": 2.9217488372093023
        },
        "data_sent": {
            "count": 40936,
            "rate": 1010.0450230974025
        },
        "iteration_duration": {
            "min": 597.0229,
            "med": 607.8863,
            "max": 1751.9907,
            "p(90)": 715.5637,
            "p(95)": 794.7073,
            "avg": 671.1831009966777
        },
        "vus": {
            "min": 5,
            "max": 5,
            "value": 5
        },
        "http_req_sending": {
            "p(95)": 0.2747,
            "avg": 0.04070963455149501,
            "min": 0,
            "med": 0,
            "max": 0.6361,
            "p(90)": 0.1439
        },
        "iterations": {
            "rate": 7.426801640422077,
            "count": 301
        },
        "vus_max": {
            "min": 5,
            "max": 5,
            "value": 5
        },
        "http_req_duration": {
            "p(95)": 794.7073,
            "avg": 668.6985983388707,
            "min": 596.785,
            "med": 607.8833,
            "max": 1751.9907,
            "p(90)": 715.5591
        },
        "data_received": {
            "count": 7823893,
            "rate": 193044.85503949106
        },
        "http_req_duration{expected_response:true}": {
            "max": 1751.9907,
            "p(90)": 715.5591,
            "p(95)": 794.7073,
            "avg": 668.6985983388707,
            "min": 596.785,
            "med": 607.8833
        },
        "http_req_connecting": {
            "avg": 2.2009312292358807,
            "min": 0,
            "med": 0,
            "max": 147.946,
            "p(90)": 0,
            "p(95)": 0
        },
        "http_req_blocked": {
            "p(90)": 0,
            "p(95)": 0.0368,
            "avg": 2.310117940199335,
            "min": 0,
            "med": 0,
            "max": 153.9434
        },
        "http_reqs": {
            "count": 301,
            "rate": 7.426801640422077
        }
    }
}