{
    "metrics": {
        "iteration_duration": {
            "min": 595.6318,
            "med": 643.4758,
            "max": 1751.3909,
            "p(90)": 714.6297,
            "p(95)": 791.7517,
            "avg": 669.0163416851441
        },
        "http_req_duration{expected_response:true}": {
            "avg": 666.9625401330383,
            "min": 595.6084,
            "med": 643.4758,
            "max": 1751.3909,
            "p(90)": 714.4935,
            "p(95)": 791.6695500000001
        },
        "http_req_receiving": {
            "p(90)": 1.1696,
            "p(95)": 1.2918,
            "avg": 2.300338580931263,
            "min": 0,
            "med": 0.7315,
            "max": 145.3052
        },
        "data_received": {
            "count": 11722843,
            "rate": 193399.7469116857
        },
        "data_sent": {
            "count": 61336,
            "rate": 1011.9018805058769
        },
        "iterations": {
            "count": 451,
            "rate": 7.440455003719682
        },
        "http_req_sending": {
            "avg": 0.0433869179600887,
            "min": 0,
            "med": 0,
            "max": 0.8416,
            "p(90)": 0.155,
            "p(95)": 0.21835
        },
        "http_req_failed": {
            "passes": 0,
            "fails": 451,
            "value": 0
        },
        "vus": {
            "min": 5,
            "max": 5,
            "value": 5
        },
        "http_reqs": {
            "count": 451,
            "rate": 7.440455003719682
        },
        "http_req_blocked": {
            "min": 0,
            "med": 0,
            "max": 180.4178,
            "p(90)": 0,
            "p(95)": 0.09435,
            "avg": 1.8758773835920175
        },
        "http_req_connecting": {
            "avg": 1.4812811529933483,
            "min": 0,
            "med": 0,
            "max": 145.3938,
            "p(90)": 0,
            "p(95)": 0
        },
        "http_req_duration": {
            "med": 643.4758,
            "max": 1751.3909,
            "p(90)": 714.4935,
            "p(95)": 791.6695500000001,
            "avg": 666.9625401330383,
            "min": 595.6084
        },
        "http_req_waiting": {
            "max": 1750.5207,
            "p(90)": 713.6652,
            "p(95)": 790.5147,
            "avg": 664.6188146341461,
            "min": 594.6286,
            "med": 628.5441
        },
        "http_req_tls_handshaking": {
            "min": 0,
            "med": 0,
            "max": 0,
            "p(90)": 0,
            "p(95)": 0,
            "avg": 0
        },
        "vus_max": {
            "value": 5,
            "min": 5,
            "max": 5
        }
    },
    "root_group": {
        "name": "",
        "path": "",
        "id": "d41d8cd98f00b204e9800998ecf8427e",
        "groups": {},
        "checks": {}
    }
}