{
    "metrics": {
        "http_reqs": {
            "rate": 14.584918522457592,
            "count": 4455
        },
        "http_req_receiving": {
            "avg": 2.1327586756453485,
            "min": 0,
            "med": 0.622,
            "max": 147.1732,
            "p(90)": 1.1114799999999998,
            "p(95)": 1.2349400000000001
        },
        "vus": {
            "value": 2,
            "min": 2,
            "max": 50
        },
        "http_req_blocked": {
            "min": 0,
            "med": 0,
            "max": 158.1269,
            "p(90)": 0,
            "p(95)": 0.07173000000000002,
            "avg": 1.6644799551066223
        },
        "http_req_waiting": {
            "p(90)": 4956.7244,
            "p(95)": 5041.67551,
            "avg": 3393.2513911784595,
            "min": 694.4925,
            "med": 4238.5998,
            "max": 6311.2856
        },
        "data_received": {
            "count": 115798815,
            "rate": 379105.7871542402
        },
        "http_req_duration{expected_response:true}": {
            "min": 823.6612,
            "med": 4239.7899,
            "max": 6311.6018,
            "p(90)": 4957.1732,
            "p(95)": 5042.70922,
            "avg": 3395.432375016841
        },
        "http_req_failed": {
            "passes": 0,
            "fails": 4455,
            "value": 0
        },
        "http_req_duration": {
            "avg": 3395.432375016841,
            "min": 823.6612,
            "med": 4239.7899,
            "max": 6311.6018,
            "p(90)": 4957.1732,
            "p(95)": 5042.70922
        },
        "http_req_connecting": {
            "p(90)": 0,
            "p(95)": 0,
            "avg": 1.6173892480359144,
            "min": 0,
            "med": 0,
            "max": 154.5365
        },
        "data_sent": {
            "count": 605880,
            "rate": 1983.5489190542326
        },
        "iteration_duration": {
            "med": 4239.7899,
            "max": 6311.6018,
            "p(90)": 4957.66798,
            "p(95)": 5042.96169,
            "avg": 3397.2673239955056,
            "min": 970.349
        },
        "vus_max": {
            "min": 50,
            "max": 50,
            "value": 50
        },
        "iterations": {
            "count": 4455,
            "rate": 14.584918522457592
        },
        "http_req_sending": {
            "med": 0,
            "max": 2.7058,
            "p(90)": 0.14343999999999996,
            "p(95)": 0.4525200000000061,
            "avg": 0.04822516273849606,
            "min": 0
        },
        "http_req_tls_handshaking": {
            "avg": 0,
            "min": 0,
            "med": 0,
            "max": 0,
            "p(90)": 0,
            "p(95)": 0
        }
    },
    "root_group": {
        "groups": {},
        "checks": {},
        "name": "",
        "path": "",
        "id": "d41d8cd98f00b204e9800998ecf8427e"
    }
}