{
    "root_group": {
        "path": "",
        "id": "d41d8cd98f00b204e9800998ecf8427e",
        "groups": {},
        "checks": {},
        "name": ""
    },
    "metrics": {
        "data_sent": {
            "count": 943568,
            "rate": 1554.076276284088
        },
        "iteration_duration": {
            "p(90)": 6525.30052,
            "p(95)": 10146.6179,
            "avg": 4363.786844940905,
            "min": 1708.8043,
            "med": 3539.12235,
            "max": 11164.567
        },
        "iterations": {
            "count": 6938,
            "rate": 11.427031443265353
        },
        "vus_max": {
            "value": 50,
            "min": 50,
            "max": 50
        },
        "http_req_duration{expected_response:true}": {
            "avg": 4226.913517170682,
            "min": 1550.2787,
            "med": 3519.0728,
            "max": 11164.3589,
            "p(90)": 5356.580419999999,
            "p(95)": 10033.70975
        },
        "http_req_tls_handshaking": {
            "min": 0,
            "med": 0,
            "max": 0,
            "p(90)": 0,
            "p(95)": 0,
            "avg": 0
        },
        "vus": {
            "value": 4,
            "min": 4,
            "max": 50
        },
        "http_req_connecting": {
            "p(90)": 0,
            "p(95)": 0,
            "avg": 0.9989452724127988,
            "min": 0,
            "med": 0,
            "max": 151.0461
        },
        "http_req_waiting": {
            "avg": 4360.778768521187,
            "min": 1423.3727,
            "med": 3537.39445,
            "max": 11163.6014,
            "p(90)": 6524.85469,
            "p(95)": 10146.046
        },
        "data_received": {
            "count": 176256632,
            "rate": 290298.3678218579
        },
        "http_req_sending": {
            "min": 0,
            "med": 0,
            "max": 6.2049,
            "p(90)": 0.13473000000000002,
            "p(95)": 0.2414499999999989,
            "avg": 0.04425497261458637
        },
        "http_req_receiving": {
            "p(95)": 1.1885299999999999,
            "avg": 1.5712127990775528,
            "min": 0,
            "med": 0.5919,
            "max": 148.457,
            "p(90)": 1.0784
        },
        "http_req_blocked": {
            "p(95)": 0.0549,
            "avg": 1.2382560392043809,
            "min": 0,
            "med": 0,
            "max": 183.3323,
            "p(90)": 0
        },
        "http_reqs": {
            "count": 6938,
            "rate": 11.427031443265353
        },
        "http_req_duration": {
            "avg": 4362.394236292888,
            "min": 1550.2787,
            "med": 3538.2675,
            "max": 11164.3589,
            "p(90)": 6525.30052,
            "p(95)": 10146.385105
        },
        "http_req_failed": {
            "passes": 159,
            "fails": 6779,
            "value": 0.022917267223983857
        }
    }
}