{
    "metrics": {
        "http_req_receiving": {
            "min": 0,
            "med": 0.6128,
            "max": 147.9119,
            "p(90)": 1.0912200000000003,
            "p(95)": 1.20499,
            "avg": 1.0613987565486325
        },
        "vus_max": {
            "value": 50,
            "min": 50,
            "max": 50
        },
        "http_req_connecting": {
            "p(90)": 0,
            "p(95)": 0,
            "avg": 0.44322462286183173,
            "min": 0,
            "med": 0,
            "max": 154.3844
        },
        "vus": {
            "value": 1,
            "min": 1,
            "max": 50
        },
        "http_req_duration{expected_response:true}": {
            "max": 11163.4648,
            "p(90)": 4866.76475,
            "p(95)": 5992.2604,
            "avg": 2755.261878615221,
            "min": 692.0039,
            "med": 1870.0444
        },
        "http_req_waiting": {
            "avg": 2841.3105269077837,
            "min": 691.6564,
            "med": 1879.2206,
            "max": 11162.6304,
            "p(90)": 4920.727780000002,
            "p(95)": 7472.574949999994
        },
        "http_req_duration": {
            "max": 11163.4648,
            "p(90)": 4922.31174,
            "p(95)": 7473.176539999994,
            "avg": 2842.417878097578,
            "min": 692.0039,
            "med": 1879.9582
        },
        "http_req_sending": {
            "min": 0,
            "med": 0,
            "max": 1.4138,
            "p(90)": 0.1487800000000001,
            "p(95)": 0.2489199999999997,
            "avg": 0.045952433251278284
        },
        "http_reqs": {
            "count": 15843,
            "rate": 17.563533219573607
        },
        "http_req_tls_handshaking": {
            "avg": 0,
            "min": 0,
            "med": 0,
            "max": 0,
            "p(90)": 0,
            "p(95)": 0
        },
        "data_sent": {
            "count": 2154648,
            "rate": 2388.6405178620107
        },
        "http_req_blocked": {
            "p(95)": 0.05335999999999986,
            "avg": 0.46690180521365865,
            "min": 0,
            "med": 0,
            "max": 158.5337,
            "p(90)": 0
        },
        "http_req_failed": {
            "passes": 187,
            "fails": 15656,
            "value": 0.011803320078268004
        },
        "data_received": {
            "count": 407005313,
            "rate": 451205.66404206614
        },
        "iteration_duration": {
            "min": 692.1414,
            "med": 1880.1647,
            "max": 11163.6946,
            "p(90)": 4923.288420000001,
            "p(95)": 7473.599129999994,
            "avg": 2843.053789156088
        },
        "iterations": {
            "count": 15843,
            "rate": 17.563533219573607
        }
    },
    "root_group": {
        "path": "",
        "id": "d41d8cd98f00b204e9800998ecf8427e",
        "groups": {},
        "checks": {},
        "name": ""
    }
}